checkpoint,test_loss,mAP@0.5,precision,recall,f1_score,true_positives,false_positives,total_gt,total_loss,cls_loss,box_loss,obj_loss
outputs/checkpoints/best_model_optimized_v5.pth,0.09154913125988699,0.4787447342832544,0.7768924297630195,0.626338329429155,0.6935383316638383,1170,336,1868,0.09154913125988699,0.027174206976985294,0.0619206114516365,0.0012271563784317415
