checkpoint,test_loss,mAP@0.5,precision,recall,f1_score,true_positives,false_positives,total_gt,total_loss,cls_loss,box_loss,obj_loss
outputs/checkpoints/best_model_optimized_v4.pth,0.06316766072628795,0.5753535372914639,0.6949999996524999,0.744111348638056,0.7187171837684161,1390,610,1868,0.06316766072628795,0.027203064477919533,0.034247535719866086,0.0008585303928359483
